Цена,Наименование,Артикул,Бренд
235 UAH,Трикотажный человечек ,Артикул 3141900,Carter's (США)
235 UAH,Трикотажный человечек ,Артикул 3142000,Carter's (США)
235 UAH,Трикотажный человечек ,Артикул 3111500,Carter's (США)
235 UAH,Песочник для девочки,Артикул 3143400,Carter's (США)
235 UAH,Песочник для девочки,Артикул 3143300,Carter's (США)
235 UAH,Трикотажный человечек ,Артикул 3143100,Carter's (США)
235 UAH,Трикотажный человечек ,Артикул 3142800,Carter's (США)
235 UAH,Трикотажный человечек ,Артикул 3142500,Carter's (США)
235 UAH,Трикотажный человечек для девочки,Артикул 3142400,Carter's (США)
235 UAH,Трикотажный человечек ,Артикул 3142300,Carter's (США)
235 UAH,Трикотажный человечек для девочки,Артикул 3142200,Carter's (США)
235 UAH,Трикотажный человечек для девочки,Артикул 3142100,Carter's (США)
245 UAH,Трикотажный человечек ,Артикул 3138500,Carter's (США)
240 UAH,Рождественский человечек на байке,Артикул 7070300,MoreKids (Канада-Украина)
265 UAH,Трикотажный человечек ,Артикул 3116300,Carter's (США)
265 UAH,Трикотажный человечек ,Артикул 3106100,Carter's (США)
265 UAH,Флисовый человечек для девочки,Артикул 1072200,Carter's (США)
265 UAH,Флисовый человечек Картерс,Артикул 3036900,Carter's (США)
265 UAH,Трикотажный человечек для девочки,Артикул 3126200,Carter's (США)
265 UAH,Трикотажный человечек для девочки,Артикул 3126100,Carter's (США)
265 UAH,Трикотажный человечек для девочки,Артикул 3116100,Carter's (США)
265 UAH,Трикотажный человечек для девочки,Артикул 1098400,Carter's (США)
255 UAH,Флисовый человечек 1шт. (розовый с апликациями),Артикул 3122200,Carter's (США)
255 UAH,Флисовый человечек 1шт. (синий с апликациями),Артикул 3122100,Carter's (США)
255 UAH,Флисовый человечек 1шт. (ментоловый с апликациями),Артикул 3122000,Carter's (США)
255 UAH,Флисовый человечек 1шт. (фиолетовый в горох),Артикул 3121800,Carter's (США)
265 UAH,Трикотажный человечек для девочки,Артикул 3116200,Carter's (США)
265 UAH,Флисовый человечек для девочки,Артикул 1092600,Carter's (США)
255 UAH,Флисовый человечек для девочки,Артикул 3112300,Carter's (США)
265 UAH,Трикотажный человечек для девочки,Артикул 3106200,Carter's (США)
265 UAH,Флисовый человечек для девочки,Артикул 1059300,Carter's (США)
275 UAH,Комбинезон для девочки,Артикул 3071200,OshKosh (США)
